package_version	source_path	source_lines	bundle_path	source_sha256	bundle_sha256	bytes
adler2-2.0.1	LICENSE-0BSD	whole	licenses/adler2-2.0.1/LICENSE-0BSD	861399f8c21c042b110517e76dc6b63a2b334276c8cf17412fc3c8908ca8dc17	861399f8c21c042b110517e76dc6b63a2b334276c8cf17412fc3c8908ca8dc17	665
adler2-2.0.1	LICENSE-APACHE	whole	licenses/adler2-2.0.1/LICENSE-APACHE	8ada45cd9f843acf64e4722ae262c622a2b3b3007c7310ef36ac1061a30f6adb	8ada45cd9f843acf64e4722ae262c622a2b3b3007c7310ef36ac1061a30f6adb	10860
adler2-2.0.1	LICENSE-MIT	whole	licenses/adler2-2.0.1/LICENSE-MIT	23f18e03dc49df91622fe2a76176497404e46ced8a715d9d2b67a7446571cca3	23f18e03dc49df91622fe2a76176497404e46ced8a715d9d2b67a7446571cca3	1023
base64-0.22.1	LICENSE-APACHE	whole	licenses/base64-0.22.1/LICENSE-APACHE	a60eea817514531668d7e00765731449fe14d059d3249e0bc93b36de45f759f2	a60eea817514531668d7e00765731449fe14d059d3249e0bc93b36de45f759f2	10847
base64-0.22.1	LICENSE-MIT	whole	licenses/base64-0.22.1/LICENSE-MIT	0dd882e53de11566d50f8e8e2d5a651bcf3fabee4987d70f306233cf39094ba7	0dd882e53de11566d50f8e8e2d5a651bcf3fabee4987d70f306233cf39094ba7	1076
bitflags-2.11.1	LICENSE-APACHE	whole	licenses/bitflags-2.11.1/LICENSE-APACHE	a60eea817514531668d7e00765731449fe14d059d3249e0bc93b36de45f759f2	a60eea817514531668d7e00765731449fe14d059d3249e0bc93b36de45f759f2	10847
bitflags-2.11.1	LICENSE-MIT	whole	licenses/bitflags-2.11.1/LICENSE-MIT	6485b8ed310d3f0340bf1ad1f47645069ce4069dcc6bb46c7d5c6faf41de1fdb	6485b8ed310d3f0340bf1ad1f47645069ce4069dcc6bb46c7d5c6faf41de1fdb	1071
block-buffer-0.10.4	LICENSE-APACHE	whole	licenses/block-buffer-0.10.4/LICENSE-APACHE	a9040321c3712d8fd0b09cf52b17445de04a23a10165049ae187cd39e5c86be5	a9040321c3712d8fd0b09cf52b17445de04a23a10165049ae187cd39e5c86be5	10849
block-buffer-0.10.4	LICENSE-MIT	whole	licenses/block-buffer-0.10.4/LICENSE-MIT	d5c22aa3118d240e877ad41c5d9fa232f9c77d757d4aac0c2f943afc0a95e0ef	d5c22aa3118d240e877ad41c5d9fa232f9c77d757d4aac0c2f943afc0a95e0ef	1082
caseless-0.2.2	LICENSE	whole	licenses/caseless-0.2.2/LICENSE	9a1284e016a7770f3c033a108662a94490419796001b422f5c6738c9ebf486d7	9a1284e016a7770f3c033a108662a94490419796001b422f5c6738c9ebf486d7	1068
cfg-if-1.0.4	LICENSE-APACHE	whole	licenses/cfg-if-1.0.4/LICENSE-APACHE	a60eea817514531668d7e00765731449fe14d059d3249e0bc93b36de45f759f2	a60eea817514531668d7e00765731449fe14d059d3249e0bc93b36de45f759f2	10847
cfg-if-1.0.4	LICENSE-MIT	whole	licenses/cfg-if-1.0.4/LICENSE-MIT	378f5840b258e2779c39418f3f2d7b2ba96f1c7917dd6be0713f88305dbda397	378f5840b258e2779c39418f3f2d7b2ba96f1c7917dd6be0713f88305dbda397	1057
cpufeatures-0.2.17	LICENSE-APACHE	whole	licenses/cpufeatures-0.2.17/LICENSE-APACHE	a9040321c3712d8fd0b09cf52b17445de04a23a10165049ae187cd39e5c86be5	a9040321c3712d8fd0b09cf52b17445de04a23a10165049ae187cd39e5c86be5	10849
cpufeatures-0.2.17	LICENSE-MIT	whole	licenses/cpufeatures-0.2.17/LICENSE-MIT	ae9baa7beea910273c2f384c2a6b721fb7bd02bda3436074a1072e4ee689f985	ae9baa7beea910273c2f384c2a6b721fb7bd02bda3436074a1072e4ee689f985	1082
crc32fast-1.5.0	LICENSE-APACHE	whole	licenses/crc32fast-1.5.0/LICENSE-APACHE	c6596eb7be8581c18be736c846fb9173b69eccf6ef94c5135893ec56bd92ba08	c6596eb7be8581c18be736c846fb9173b69eccf6ef94c5135893ec56bd92ba08	11358
crc32fast-1.5.0	LICENSE-MIT	whole	licenses/crc32fast-1.5.0/LICENSE-MIT	61d383b05b87d78f94d2937e2580cce47226d17823c0430fbcad09596537efcf	61d383b05b87d78f94d2937e2580cce47226d17823c0430fbcad09596537efcf	1097
crypto-common-0.1.7	LICENSE-APACHE	whole	licenses/crypto-common-0.1.7/LICENSE-APACHE	a9040321c3712d8fd0b09cf52b17445de04a23a10165049ae187cd39e5c86be5	a9040321c3712d8fd0b09cf52b17445de04a23a10165049ae187cd39e5c86be5	10849
crypto-common-0.1.7	LICENSE-MIT	whole	licenses/crypto-common-0.1.7/LICENSE-MIT	3521672491a3479422d5fe1aca6645dd2984090f85da6e5205abfb18fb7a6897	3521672491a3479422d5fe1aca6645dd2984090f85da6e5205abfb18fb7a6897	1065
digest-0.10.7	LICENSE-APACHE	whole	licenses/digest-0.10.7/LICENSE-APACHE	a9040321c3712d8fd0b09cf52b17445de04a23a10165049ae187cd39e5c86be5	a9040321c3712d8fd0b09cf52b17445de04a23a10165049ae187cd39e5c86be5	10849
digest-0.10.7	LICENSE-MIT	whole	licenses/digest-0.10.7/LICENSE-MIT	9e0dfd2dd4173a530e238cb6adb37aa78c34c6bc7444e0e10c1ab5d8881f63ba	9e0dfd2dd4173a530e238cb6adb37aa78c34c6bc7444e0e10c1ab5d8881f63ba	1057
equivalent-1.0.2	LICENSE-APACHE	whole	licenses/equivalent-1.0.2/LICENSE-APACHE	a60eea817514531668d7e00765731449fe14d059d3249e0bc93b36de45f759f2	a60eea817514531668d7e00765731449fe14d059d3249e0bc93b36de45f759f2	10847
equivalent-1.0.2	LICENSE-MIT	whole	licenses/equivalent-1.0.2/LICENSE-MIT	7365cc8878a1d7ce155a58c4ca09c3d7a6be413efa5334a80ea842912b669349	7365cc8878a1d7ce155a58c4ca09c3d7a6be413efa5334a80ea842912b669349	1049
errno-0.3.14	LICENSE-APACHE	whole	licenses/errno-0.3.14/LICENSE-APACHE	a60eea817514531668d7e00765731449fe14d059d3249e0bc93b36de45f759f2	a60eea817514531668d7e00765731449fe14d059d3249e0bc93b36de45f759f2	10847
errno-0.3.14	LICENSE-MIT	whole	licenses/errno-0.3.14/LICENSE-MIT	8764a597675778ddfd4e25f81b08a05dbcf089ac05662df7613fe67f150e3aa2	8764a597675778ddfd4e25f81b08a05dbcf089ac05662df7613fe67f150e3aa2	1054
flate2-1.1.9	LICENSE-APACHE	whole	licenses/flate2-1.1.9/LICENSE-APACHE	a60eea817514531668d7e00765731449fe14d059d3249e0bc93b36de45f759f2	a60eea817514531668d7e00765731449fe14d059d3249e0bc93b36de45f759f2	10847
flate2-1.1.9	LICENSE-MIT	whole	licenses/flate2-1.1.9/LICENSE-MIT	025436edff4cfcdde17a5811fdea78892d8482efd1abdec5a17872d07a4f2112	025436edff4cfcdde17a5811fdea78892d8482efd1abdec5a17872d07a4f2112	1062
generic-array-0.14.7	LICENSE	whole	licenses/generic-array-0.14.7/LICENSE	c09aae9d3c77b531f56351a9947bc7446511d6b025b3255312d3e3442a9a7583	c09aae9d3c77b531f56351a9947bc7446511d6b025b3255312d3e3442a9a7583	1107
hashbrown-0.17.1	LICENSE-APACHE	whole	licenses/hashbrown-0.17.1/LICENSE-APACHE	a60eea817514531668d7e00765731449fe14d059d3249e0bc93b36de45f759f2	a60eea817514531668d7e00765731449fe14d059d3249e0bc93b36de45f759f2	10847
hashbrown-0.17.1	LICENSE-MIT	whole	licenses/hashbrown-0.17.1/LICENSE-MIT	ff8f68cb076caf8cefe7a6430d4ac086ce6af2ca8ce2c4e5a2004d4552ef52a2	ff8f68cb076caf8cefe7a6430d4ac086ce6af2ca8ce2c4e5a2004d4552ef52a2	1060
indexmap-2.14.0	LICENSE-APACHE	whole	licenses/indexmap-2.14.0/LICENSE-APACHE	a60eea817514531668d7e00765731449fe14d059d3249e0bc93b36de45f759f2	a60eea817514531668d7e00765731449fe14d059d3249e0bc93b36de45f759f2	10847
indexmap-2.14.0	LICENSE-MIT	whole	licenses/indexmap-2.14.0/LICENSE-MIT	ecc269ef87fd38a1d98e30bfac9ba964a9dbd9315c3770fed98d4d7cb5882055	ecc269ef87fd38a1d98e30bfac9ba964a9dbd9315c3770fed98d4d7cb5882055	1049
itoa-1.0.18	LICENSE-APACHE	whole	licenses/itoa-1.0.18/LICENSE-APACHE	62c7a1e35f56406896d7aa7ca52d0cc0d272ac022b5d2796e7d6905db8a3636a	62c7a1e35f56406896d7aa7ca52d0cc0d272ac022b5d2796e7d6905db8a3636a	9723
itoa-1.0.18	LICENSE-MIT	whole	licenses/itoa-1.0.18/LICENSE-MIT	23f18e03dc49df91622fe2a76176497404e46ced8a715d9d2b67a7446571cca3	23f18e03dc49df91622fe2a76176497404e46ced8a715d9d2b67a7446571cca3	1023
libc-0.2.186	LICENSE-APACHE	whole	licenses/libc-0.2.186/LICENSE-APACHE	62c7a1e35f56406896d7aa7ca52d0cc0d272ac022b5d2796e7d6905db8a3636a	62c7a1e35f56406896d7aa7ca52d0cc0d272ac022b5d2796e7d6905db8a3636a	9723
libc-0.2.186	LICENSE-MIT	whole	licenses/libc-0.2.186/LICENSE-MIT	123a331b5dbf04c30097fa43b8f858bc85df671fe776de498d01f3d6b7c1f69e	123a331b5dbf04c30097fa43b8f858bc85df671fe776de498d01f3d6b7c1f69e	1066
linux-raw-sys-0.12.1	COPYRIGHT	whole	licenses/linux-raw-sys-0.12.1/COPYRIGHT	3290ae0fbc9ddb77d2239121d710f0bb9d31b3b4744e6d97fe01e652b4c1870b	3290ae0fbc9ddb77d2239121d710f0bb9d31b3b4744e6d97fe01e652b4c1870b	881
linux-raw-sys-0.12.1	LICENSE-APACHE	whole	licenses/linux-raw-sys-0.12.1/LICENSE-APACHE	a60eea817514531668d7e00765731449fe14d059d3249e0bc93b36de45f759f2	a60eea817514531668d7e00765731449fe14d059d3249e0bc93b36de45f759f2	10847
linux-raw-sys-0.12.1	LICENSE-Apache-2.0_WITH_LLVM-exception	whole	licenses/linux-raw-sys-0.12.1/LICENSE-Apache-2.0_WITH_LLVM-exception	268872b9816f90fd8e85db5a28d33f8150ebb8dd016653fb39ef1f94f2686bc5	268872b9816f90fd8e85db5a28d33f8150ebb8dd016653fb39ef1f94f2686bc5	12243
linux-raw-sys-0.12.1	LICENSE-MIT	whole	licenses/linux-raw-sys-0.12.1/LICENSE-MIT	23f18e03dc49df91622fe2a76176497404e46ced8a715d9d2b67a7446571cca3	23f18e03dc49df91622fe2a76176497404e46ced8a715d9d2b67a7446571cca3	1023
memchr-2.8.0	COPYING	whole	licenses/memchr-2.8.0/COPYING	01c266bced4a434da0051174d6bee16a4c82cf634e2679b6155d40d75012390f	01c266bced4a434da0051174d6bee16a4c82cf634e2679b6155d40d75012390f	126
memchr-2.8.0	LICENSE-MIT	whole	licenses/memchr-2.8.0/LICENSE-MIT	0f96a83840e146e43c0ec96a22ec1f392e0680e6c1226e6f3ba87e0740af850f	0f96a83840e146e43c0ec96a22ec1f392e0680e6c1226e6f3ba87e0740af850f	1081
memchr-2.8.0	UNLICENSE	whole	licenses/memchr-2.8.0/UNLICENSE	7e12e5df4bae12cb21581ba157ced20e1986a0508dd10d0e8a4ab9a4cf94e85c	7e12e5df4bae12cb21581ba157ced20e1986a0508dd10d0e8a4ab9a4cf94e85c	1211
miniz_oxide-0.8.9	LICENSE	whole	licenses/miniz_oxide-0.8.9/LICENSE	4108245a1f2df9d4e94df8abed5b4ba0759bb2f9b40a6b939f1be141077ae50b	4108245a1f2df9d4e94df8abed5b4ba0759bb2f9b40a6b939f1be141077ae50b	1213
miniz_oxide-0.8.9	LICENSE-APACHE.md	whole	licenses/miniz_oxide-0.8.9/LICENSE-APACHE.md	0d542e0c8804e39aa7f37eb00da5a762149dc682d7829451287e11b938e94594	0d542e0c8804e39aa7f37eb00da5a762149dc682d7829451287e11b938e94594	10174
miniz_oxide-0.8.9	LICENSE-MIT.md	whole	licenses/miniz_oxide-0.8.9/LICENSE-MIT.md	799e9ca9d179295ef372f25d3769cdda7d25bb2668add6a6a1e22d1e4c678b8d	799e9ca9d179295ef372f25d3769cdda7d25bb2668add6a6a1e22d1e4c678b8d	1212
miniz_oxide-0.8.9	LICENSE-ZLIB.md	whole	licenses/miniz_oxide-0.8.9/LICENSE-ZLIB.md	0a54e647fe54104658b5e563c04c6f9edf251710e47bce692e0bd990a4ddaa39	0a54e647fe54104658b5e563c04c6f9edf251710e47bce692e0bd990a4ddaa39	984
proc-macro2-1.0.106	LICENSE-APACHE	whole	licenses/proc-macro2-1.0.106/LICENSE-APACHE	62c7a1e35f56406896d7aa7ca52d0cc0d272ac022b5d2796e7d6905db8a3636a	62c7a1e35f56406896d7aa7ca52d0cc0d272ac022b5d2796e7d6905db8a3636a	9723
proc-macro2-1.0.106	LICENSE-MIT	whole	licenses/proc-macro2-1.0.106/LICENSE-MIT	23f18e03dc49df91622fe2a76176497404e46ced8a715d9d2b67a7446571cca3	23f18e03dc49df91622fe2a76176497404e46ced8a715d9d2b67a7446571cca3	1023
quote-1.0.45	LICENSE-APACHE	whole	licenses/quote-1.0.45/LICENSE-APACHE	62c7a1e35f56406896d7aa7ca52d0cc0d272ac022b5d2796e7d6905db8a3636a	62c7a1e35f56406896d7aa7ca52d0cc0d272ac022b5d2796e7d6905db8a3636a	9723
quote-1.0.45	LICENSE-MIT	whole	licenses/quote-1.0.45/LICENSE-MIT	23f18e03dc49df91622fe2a76176497404e46ced8a715d9d2b67a7446571cca3	23f18e03dc49df91622fe2a76176497404e46ced8a715d9d2b67a7446571cca3	1023
rustix-1.1.4	COPYRIGHT	whole	licenses/rustix-1.1.4/COPYRIGHT	377c2e7c53250cc5905c0b0532d35973392af16ffb9596a41d99d202cf3617c9	377c2e7c53250cc5905c0b0532d35973392af16ffb9596a41d99d202cf3617c9	853
rustix-1.1.4	LICENSE-APACHE	whole	licenses/rustix-1.1.4/LICENSE-APACHE	a60eea817514531668d7e00765731449fe14d059d3249e0bc93b36de45f759f2	a60eea817514531668d7e00765731449fe14d059d3249e0bc93b36de45f759f2	10847
rustix-1.1.4	LICENSE-Apache-2.0_WITH_LLVM-exception	whole	licenses/rustix-1.1.4/LICENSE-Apache-2.0_WITH_LLVM-exception	268872b9816f90fd8e85db5a28d33f8150ebb8dd016653fb39ef1f94f2686bc5	268872b9816f90fd8e85db5a28d33f8150ebb8dd016653fb39ef1f94f2686bc5	12243
rustix-1.1.4	LICENSE-MIT	whole	licenses/rustix-1.1.4/LICENSE-MIT	23f18e03dc49df91622fe2a76176497404e46ced8a715d9d2b67a7446571cca3	23f18e03dc49df91622fe2a76176497404e46ced8a715d9d2b67a7446571cca3	1023
serde-1.0.228	LICENSE-APACHE	whole	licenses/serde-1.0.228/LICENSE-APACHE	62c7a1e35f56406896d7aa7ca52d0cc0d272ac022b5d2796e7d6905db8a3636a	62c7a1e35f56406896d7aa7ca52d0cc0d272ac022b5d2796e7d6905db8a3636a	9723
serde-1.0.228	LICENSE-MIT	whole	licenses/serde-1.0.228/LICENSE-MIT	23f18e03dc49df91622fe2a76176497404e46ced8a715d9d2b67a7446571cca3	23f18e03dc49df91622fe2a76176497404e46ced8a715d9d2b67a7446571cca3	1023
serde_core-1.0.228	LICENSE-APACHE	whole	licenses/serde_core-1.0.228/LICENSE-APACHE	62c7a1e35f56406896d7aa7ca52d0cc0d272ac022b5d2796e7d6905db8a3636a	62c7a1e35f56406896d7aa7ca52d0cc0d272ac022b5d2796e7d6905db8a3636a	9723
serde_core-1.0.228	LICENSE-MIT	whole	licenses/serde_core-1.0.228/LICENSE-MIT	23f18e03dc49df91622fe2a76176497404e46ced8a715d9d2b67a7446571cca3	23f18e03dc49df91622fe2a76176497404e46ced8a715d9d2b67a7446571cca3	1023
serde_derive-1.0.228	LICENSE-APACHE	whole	licenses/serde_derive-1.0.228/LICENSE-APACHE	62c7a1e35f56406896d7aa7ca52d0cc0d272ac022b5d2796e7d6905db8a3636a	62c7a1e35f56406896d7aa7ca52d0cc0d272ac022b5d2796e7d6905db8a3636a	9723
serde_derive-1.0.228	LICENSE-MIT	whole	licenses/serde_derive-1.0.228/LICENSE-MIT	23f18e03dc49df91622fe2a76176497404e46ced8a715d9d2b67a7446571cca3	23f18e03dc49df91622fe2a76176497404e46ced8a715d9d2b67a7446571cca3	1023
serde_json-1.0.149	LICENSE-APACHE	whole	licenses/serde_json-1.0.149/LICENSE-APACHE	62c7a1e35f56406896d7aa7ca52d0cc0d272ac022b5d2796e7d6905db8a3636a	62c7a1e35f56406896d7aa7ca52d0cc0d272ac022b5d2796e7d6905db8a3636a	9723
serde_json-1.0.149	LICENSE-MIT	whole	licenses/serde_json-1.0.149/LICENSE-MIT	23f18e03dc49df91622fe2a76176497404e46ced8a715d9d2b67a7446571cca3	23f18e03dc49df91622fe2a76176497404e46ced8a715d9d2b67a7446571cca3	1023
sha2-0.10.9	LICENSE-APACHE	whole	licenses/sha2-0.10.9/LICENSE-APACHE	a9040321c3712d8fd0b09cf52b17445de04a23a10165049ae187cd39e5c86be5	a9040321c3712d8fd0b09cf52b17445de04a23a10165049ae187cd39e5c86be5	10849
sha2-0.10.9	LICENSE-MIT	whole	licenses/sha2-0.10.9/LICENSE-MIT	b4eb00df6e2a4d22518fcaa6a2b4646f249b3a3c9814509b22bd2091f1392ff1	b4eb00df6e2a4d22518fcaa6a2b4646f249b3a3c9814509b22bd2091f1392ff1	1138
simd-adler32-0.3.9	LICENSE.md	whole	licenses/simd-adler32-0.3.9/LICENSE.md	42a35170233e83e18856792e748de4c1ce4a63b2afce9a370c89ef3fe23f9f2d	42a35170233e83e18856792e748de4c1ce4a63b2afce9a370c89ef3fe23f9f2d	1078
syn-2.0.117	LICENSE-APACHE	whole	licenses/syn-2.0.117/LICENSE-APACHE	62c7a1e35f56406896d7aa7ca52d0cc0d272ac022b5d2796e7d6905db8a3636a	62c7a1e35f56406896d7aa7ca52d0cc0d272ac022b5d2796e7d6905db8a3636a	9723
syn-2.0.117	LICENSE-MIT	whole	licenses/syn-2.0.117/LICENSE-MIT	23f18e03dc49df91622fe2a76176497404e46ced8a715d9d2b67a7446571cca3	23f18e03dc49df91622fe2a76176497404e46ced8a715d9d2b67a7446571cca3	1023
tinyvec-1.11.0	LICENSE-APACHE.md	whole	licenses/tinyvec-1.11.0/LICENSE-APACHE.md	cfc7749b96f63bd31c3c42b5c471bf756814053e847c10f3eb003417bc523d30	cfc7749b96f63bd31c3c42b5c471bf756814053e847c10f3eb003417bc523d30	11358
tinyvec-1.11.0	LICENSE-MIT.md	whole	licenses/tinyvec-1.11.0/LICENSE-MIT.md	fd80a26fbb3f644af1fa994134446702932968519797227e07a1368dea80f0bc	fd80a26fbb3f644af1fa994134446702932968519797227e07a1368dea80f0bc	1023
tinyvec-1.11.0	LICENSE-ZLIB.md	whole	licenses/tinyvec-1.11.0/LICENSE-ZLIB.md	84b34dd7608f7fb9b17bd588a6bf392bf7de504e2716f024a77d89f1b145a151	84b34dd7608f7fb9b17bd588a6bf392bf7de504e2716f024a77d89f1b145a151	851
tinyvec_macros-0.1.1	LICENSE-APACHE.md	whole	licenses/tinyvec_macros-0.1.1/LICENSE-APACHE.md	4f44572785f35152c1fd2eadf565b7e079c0f300b4324f0af653419f9d76b735	4f44572785f35152c1fd2eadf565b7e079c0f300b4324f0af653419f9d76b735	11350
tinyvec_macros-0.1.1	LICENSE-MIT.md	whole	licenses/tinyvec_macros-0.1.1/LICENSE-MIT.md	1dd8eca0f83669e75fa119e34fb9e1be9d16e3e9b6368962b8019db6e8ae5f7b	1dd8eca0f83669e75fa119e34fb9e1be9d16e3e9b6368962b8019db6e8ae5f7b	1062
tinyvec_macros-0.1.1	LICENSE-ZLIB.md	whole	licenses/tinyvec_macros-0.1.1/LICENSE-ZLIB.md	41ace205715d9f19a3214218cc1c01d57c533e02cd0fef7c8e51a49a7fce5ac5	41ace205715d9f19a3214218cc1c01d57c533e02cd0fef7c8e51a49a7fce5ac5	864
typed-path-0.12.3	LICENSE-APACHE	whole	licenses/typed-path-0.12.3/LICENSE-APACHE	62c7a1e35f56406896d7aa7ca52d0cc0d272ac022b5d2796e7d6905db8a3636a	62c7a1e35f56406896d7aa7ca52d0cc0d272ac022b5d2796e7d6905db8a3636a	9723
typed-path-0.12.3	LICENSE-MIT	whole	licenses/typed-path-0.12.3/LICENSE-MIT	23f18e03dc49df91622fe2a76176497404e46ced8a715d9d2b67a7446571cca3	23f18e03dc49df91622fe2a76176497404e46ced8a715d9d2b67a7446571cca3	1023
typenum-1.20.0	LICENSE	whole	licenses/typenum-1.20.0/LICENSE	db11fec9946737df39ca3898d9cd8c10ec6f6c3a884a6802b0ad0b81b4e8f23a	db11fec9946737df39ca3898d9cd8c10ec6f6c3a884a6802b0ad0b81b4e8f23a	17
typenum-1.20.0	LICENSE-APACHE	whole	licenses/typenum-1.20.0/LICENSE-APACHE	516b24e051bf5630880ebbd55c40a25ce9552ebaf8970a53e8976eb70e522406	516b24e051bf5630880ebbd55c40a25ce9552ebaf8970a53e8976eb70e522406	10835
typenum-1.20.0	LICENSE-MIT	whole	licenses/typenum-1.20.0/LICENSE-MIT	a825bd853ab71619a4923d7b4311221427848070ff44d990da39b0b274c1683f	a825bd853ab71619a4923d7b4311221427848070ff44d990da39b0b274c1683f	1083
unicode-ident-1.0.24	LICENSE-APACHE	whole	licenses/unicode-ident-1.0.24/LICENSE-APACHE	62c7a1e35f56406896d7aa7ca52d0cc0d272ac022b5d2796e7d6905db8a3636a	62c7a1e35f56406896d7aa7ca52d0cc0d272ac022b5d2796e7d6905db8a3636a	9723
unicode-ident-1.0.24	LICENSE-MIT	whole	licenses/unicode-ident-1.0.24/LICENSE-MIT	23f18e03dc49df91622fe2a76176497404e46ced8a715d9d2b67a7446571cca3	23f18e03dc49df91622fe2a76176497404e46ced8a715d9d2b67a7446571cca3	1023
unicode-ident-1.0.24	LICENSE-UNICODE	whole	licenses/unicode-ident-1.0.24/LICENSE-UNICODE	f7db81051789b729fea528a63ec4c938fdcb93d9d61d97dc8cc2e9df6d47f2a1	f7db81051789b729fea528a63ec4c938fdcb93d9d61d97dc8cc2e9df6d47f2a1	1995
unicode-normalization-0.1.25	COPYRIGHT	whole	licenses/unicode-normalization-0.1.25/COPYRIGHT	23860c2a7b5d96b21569afedf033469bab9fe14a1b24a35068b8641c578ce24d	23860c2a7b5d96b21569afedf033469bab9fe14a1b24a35068b8641c578ce24d	321
unicode-normalization-0.1.25	LICENSE-APACHE	whole	licenses/unicode-normalization-0.1.25/LICENSE-APACHE	a60eea817514531668d7e00765731449fe14d059d3249e0bc93b36de45f759f2	a60eea817514531668d7e00765731449fe14d059d3249e0bc93b36de45f759f2	10847
unicode-normalization-0.1.25	LICENSE-MIT	whole	licenses/unicode-normalization-0.1.25/LICENSE-MIT	7b63ecd5f1902af1b63729947373683c32745c16a10e8e6292e2e2dcd7e90ae0	7b63ecd5f1902af1b63729947373683c32745c16a10e8e6292e2e2dcd7e90ae0	1071
version_check-0.9.5	LICENSE-APACHE	whole	licenses/version_check-0.9.5/LICENSE-APACHE	a60eea817514531668d7e00765731449fe14d059d3249e0bc93b36de45f759f2	a60eea817514531668d7e00765731449fe14d059d3249e0bc93b36de45f759f2	10847
version_check-0.9.5	LICENSE-MIT	whole	licenses/version_check-0.9.5/LICENSE-MIT	b7e650f3fce5c53249d1cdc608b54df156a97edd636cf9d23498d0cfe7aec63e	b7e650f3fce5c53249d1cdc608b54df156a97edd636cf9d23498d0cfe7aec63e	1085
windows-link-0.2.1	license-apache-2.0	whole	licenses/windows-link-0.2.1/license-apache-2.0	c16f8dcf1a368b83be78d826ea23de4079fe1b4469a0ab9ee20563f37ff3d44b	c16f8dcf1a368b83be78d826ea23de4079fe1b4469a0ab9ee20563f37ff3d44b	11351
windows-link-0.2.1	license-mit	whole	licenses/windows-link-0.2.1/license-mit	c2cfccb812fe482101a8f04597dfc5a9991a6b2748266c47ac91b6a5aae15383	c2cfccb812fe482101a8f04597dfc5a9991a6b2748266c47ac91b6a5aae15383	1141
windows-sys-0.61.2	license-apache-2.0	whole	licenses/windows-sys-0.61.2/license-apache-2.0	c16f8dcf1a368b83be78d826ea23de4079fe1b4469a0ab9ee20563f37ff3d44b	c16f8dcf1a368b83be78d826ea23de4079fe1b4469a0ab9ee20563f37ff3d44b	11351
windows-sys-0.61.2	license-mit	whole	licenses/windows-sys-0.61.2/license-mit	c2cfccb812fe482101a8f04597dfc5a9991a6b2748266c47ac91b6a5aae15383	c2cfccb812fe482101a8f04597dfc5a9991a6b2748266c47ac91b6a5aae15383	1141
zip-7.2.0	LICENSE	whole	licenses/zip-7.2.0/LICENSE	04dc52136d82400b11df5f474949863a70a5d05d2278dec45b99c479494450a6	04dc52136d82400b11df5f474949863a70a5d05d2278dec45b99c479494450a6	1217
zmij-1.0.21	LICENSE-MIT	whole	licenses/zmij-1.0.21/LICENSE-MIT	23f18e03dc49df91622fe2a76176497404e46ced8a715d9d2b67a7446571cca3	23f18e03dc49df91622fe2a76176497404e46ced8a715d9d2b67a7446571cca3	1023
bitflags-2.11.1	src/lib.rs	1-9	licenses/bitflags-2.11.1/source-notices/src/lib.rs.lines-1-9.txt	ebd50a84f3f40821bcb12715dfa60768686ec093fe46db9afea301f73aa14f3f	3b7df402160fc95c1ec4d256f720da6b75b1c5c69ad6826acfa5f096e349a42c	466
caseless-0.2.2	CaseFolding.txt	1-8	licenses/caseless-0.2.2/source-notices/CaseFolding.txt.lines-1-8.txt	6f1f9c588eb4a5c718d9e8f93b782685e5c7fec872cf05e8e6878053599e09bb	87d0c642dc7c61c5b1e7236048d01edf26856e05dbefb17050ba6a17e5e5298e	365
errno-0.3.14	src/unix.rs	1-13	licenses/errno-0.3.14/source-notices/src/unix.rs.lines-1-13.txt	66c64603798cf7d8701de5be077b814b09a324b42ff460e9448686b4d8a330a7	13005416a669c7cd96ef8501bfd202d3e6faa7953354c94915c43d0808a2dc7a	604
errno-0.3.14	src/wasi.rs	1-13	licenses/errno-0.3.14/source-notices/src/wasi.rs.lines-1-13.txt	c83052e5c45c31e2a4630c00a4d0b92f39205774a4d419b4aa5c06dc5992280c	32cc710e31f555a2c596b18fb5d7f8da009a60225417613d2007166feb802941	553
errno-0.3.14	src/windows.rs	1-13	licenses/errno-0.3.14/source-notices/src/windows.rs.lines-1-13.txt	7cbcdb8e74582f357fa945bb1c44c4d19c1a10bec958da1223305bf68ec35baf	51de09826fd47c91cd1ddcf4186e62274276a2097f8d9e4f80780122cfbbb616	602
errno-0.3.14	src/hermit.rs	7-15	licenses/errno-0.3.14/source-notices/src/hermit.rs.lines-7-15.txt	ad03355bc4d79c180ab3210e1d3edd538eccaaea8d4f9a9b7eb8a0dc2d39b5df	5d392ff1ac69a18c9beb41720ecbfd56f7792a1ec4321428e73757d4283f5a61	466
flate2-1.1.9	src/bufreader.rs	1-9	licenses/flate2-1.1.9/source-notices/src/bufreader.rs.lines-1-9.txt	2d6a59330e8f838eb6474d19104f21cb98236125c189f36bdff75a069a4cea8f	163fbee5116a2725fdba8faa47a9fbf8006e0a7cbdb14ae5ecf62c8f9ccc00af	493
hashbrown-0.17.1	src/control/group/generic.rs	106-107	licenses/hashbrown-0.17.1/source-notices/src/control/group/generic.rs.lines-106-107.txt	5d244fc9f9cd05ab8b92954452b43d8c321452d0dfa8816c2b1ce539fbb3270b	4e681f8e68ab1582b80af9fd30964b626f4eefa1bc1b172c0272f6c4bfd0c7ba	119
libc-0.2.186	src/fuchsia/aarch64.rs	67-67	licenses/libc-0.2.186/source-notices/src/fuchsia/aarch64.rs.lines-67-67.txt	34105478e20e9ce40b9e484eea6494e2408fead17c13500da90a2d44d996ce63	993f4e3160143fb90c55bfeca3977620362b79fc479992894d601f69e8d105ab	164
libc-0.2.186	src/unix/linux_like/mod.rs	1694-1694	licenses/libc-0.2.186/source-notices/src/unix/linux_like/mod.rs.lines-1694-1694.txt	399dc67be0898f73946145b26e12bf23beeb9048fb86b69affdc56be5622bf19	8d3ff9f1b2bc4627af9868b9f5132af89cb3e32e5f0fe44549c0b5bd385286e1	125
rustix-1.1.4	src/fs/seek_from.rs	1-3	licenses/rustix-1.1.4/source-notices/src/fs/seek_from.rs.lines-1-3.txt	f3f5bd18d27808f6be9ab2df4d05515b2b5703e5f1f02e6d36f20507e20fe5cd	ac624b1382a0f97797820b8bb696f1cc5acacdab567b0e301559b97e31426050	129
rustix-1.1.4	src/backend/libc/io/syscalls.rs	193-194	licenses/rustix-1.1.4/source-notices/src/backend/libc/io/syscalls.rs.lines-193-194.txt	00ff59d1dabbea998ed018b9d8c2fa6e507116019b9e3e43cc800a91f710b1fe	fcda1d67d2411dfbe88890742aef237441ded7a670e8ba3df89277915bb5b3b3	131
rustix-1.1.4	src/maybe_polyfill/no_std/mod.rs	1-9	licenses/rustix-1.1.4/source-notices/src/maybe_polyfill/no_std/mod.rs.lines-1-9.txt	2a10587d0753bd4f849056643fefc98cea90dce266396f8a7bb3a3a1f318e0bb	d488a4cf38476affc54b60dd3ac96b31eb512d84202321e4098680ad2964e120	483
rustix-1.1.4	src/maybe_polyfill/no_std/io/mod.rs	1-5	licenses/rustix-1.1.4/source-notices/src/maybe_polyfill/no_std/io/mod.rs.lines-1-5.txt	77889bb5c5a4f2e50e38379cdaa5d0fef4b0cafc3da056735df01f6deae75747	678f36c167b8cb7efbaa622a264a726f1bd7793190da591df2d66422cde7ff57	198
rustix-1.1.4	src/maybe_polyfill/no_std/os/fd/owned.rs	1-5	licenses/rustix-1.1.4/source-notices/src/maybe_polyfill/no_std/os/fd/owned.rs.lines-1-5.txt	7ccc8373b44b9ded0e5f4ac9f3c57cac089cc78ce756fc6c13be4d848306329b	bc04817e0f026efb3352acf7c7754ef38f7f6dcde7815715eed55e9b9b616bc3	210
rustix-1.1.4	src/maybe_polyfill/no_std/os/fd/raw.rs	1-5	licenses/rustix-1.1.4/source-notices/src/maybe_polyfill/no_std/os/fd/raw.rs.lines-1-5.txt	f3648c7bd4a6ff94bd823ed9e0d99d398e02f24875cf9b25962736999e7c6943	3980da8aaded729272f8995f86a40ecec6a704bf2957daea86f5ed7c00842cf4	208
rustix-1.1.4	src/maybe_polyfill/no_std/os/fd/mod.rs	1-5	licenses/rustix-1.1.4/source-notices/src/maybe_polyfill/no_std/os/fd/mod.rs.lines-1-5.txt	27ef0afbcb0695cbb15101070f417eb51e0ef85ae66ec967d95e80771d507c47	fcebfb3b5245a5fb99cceb79dd67474bf885c518bcdca6c4fc85f3bcd5516834	208
rustix-1.1.4	src/maybe_polyfill/no_std/os/windows/io/socket.rs	1-6	licenses/rustix-1.1.4/source-notices/src/maybe_polyfill/no_std/os/windows/io/socket.rs.lines-1-6.txt	f455fbe9f5dfb38c77892d39116d0153c0e68aff35c0967ec8a28a9587cdecfa	046ec2d2519736349fcf1a272d9377b84fe6e3c016610958ef15d45db23a1dc0	223
rustix-1.1.4	src/maybe_polyfill/no_std/os/windows/io/raw.rs	1-6	licenses/rustix-1.1.4/source-notices/src/maybe_polyfill/no_std/os/windows/io/raw.rs.lines-1-6.txt	0a82257f263f02a685536538b656f152041ab406155feab294e93e00969b834f	a886f5db2cf9df1c14ca7a7659e82eaeeb2f3cf0cf8bdb258750ab6b8b5cce85	220
rustix-1.1.4	src/maybe_polyfill/no_std/os/windows/mod.rs	1-8	licenses/rustix-1.1.4/source-notices/src/maybe_polyfill/no_std/os/windows/mod.rs.lines-1-8.txt	fdb416f8f231a4e778b5f985b9ae712ece5e1a1402963ad1a5f6a8b9843795f4	ebd20725b375a3d6e047b417e6629b26d6bd1bdd804a0b8f0f61e5dbb4a2d810	307
rustix-1.1.4	src/weak.rs	1-3	licenses/rustix-1.1.4/source-notices/src/weak.rs.lines-1-3.txt	45b1e4ab84e6a1e121f61084ec88fdb9b0d2e870df6d415349c88fabecd5f7f5	bbcfa21cdd1b1fce7449923c3274889832621cab042846c1e43de140bea45a20	141
serde_json-1.0.149	src/lexical/mod.rs	1-9	licenses/serde_json-1.0.149/source-notices/src/lexical/mod.rs.lines-1-9.txt	ace2ccea2cd541f019a84b9eeb3b9ecd88daf6bccbe9edf0eac00b62704f47c4	5822e59f88392b4a35965134c4c974e475959ebc625f140e42b1f39ba2495cc7	537
sha2-0.10.9	src/sha256/aarch64.rs	3-3	licenses/sha2-0.10.9/source-notices/src/sha256/aarch64.rs.lines-3-3.txt	18121a25867a575fec8ef64da763693ece4e3e3e84da095254b8471234c6f1f8	9a86c7edf5338b7e771de9aca9e5aba2686e12bd1f94a56032601d855c20a3d4	40
sha2-0.10.9	src/sha512/aarch64.rs	1-1	licenses/sha2-0.10.9/source-notices/src/sha512/aarch64.rs.lines-1-1.txt	2ed929329a0fa66180e4726d028713a49f99cc223e635078fc1f3252a44981e0	9a86c7edf5338b7e771de9aca9e5aba2686e12bd1f94a56032601d855c20a3d4	40
simd-adler32-0.3.9	src/imp/neon.rs	76-77	licenses/simd-adler32-0.3.9/source-notices/src/imp/neon.rs.lines-76-77.txt	c5b8b47c290d1773d29435015f242a845fab6687b2b9c7241c581ad17ae6cb34	adbeebebf1120692017116e9c60b65670cfbbc2181a2e07425e4bb482d0129cb	143
unicode-normalization-0.1.25	src/replace.rs	1-9	licenses/unicode-normalization-0.1.25/source-notices/src/replace.rs.lines-1-9.txt	0196e3e604203694f78a0b18852e30dc9f3c87637a2ae673aad4506dcf208322	b6adbd1aa47e52ff23227e30ec16807c5a5b8b8bd416394051ca11e776b611ca	471
unicode-normalization-0.1.25	src/decompose.rs	1-9	licenses/unicode-normalization-0.1.25/source-notices/src/decompose.rs.lines-1-9.txt	bd3b42065a5ccd95894d0ff0c24daac7eee90adebbbaf5bdf9347309d89bb035	b6adbd1aa47e52ff23227e30ec16807c5a5b8b8bd416394051ca11e776b611ca	471
unicode-normalization-0.1.25	src/tables.rs	1-9	licenses/unicode-normalization-0.1.25/source-notices/src/tables.rs.lines-1-9.txt	177d5f08019cc8e335444fcab61aabb7f6309f158f6ebbd7525c73c0e532ec44	ec69a93290dc42c3f177906f27e8665533c60ebb1cae9260316776d09934dd67	471
unicode-normalization-0.1.25	src/lib.rs	1-9	licenses/unicode-normalization-0.1.25/source-notices/src/lib.rs.lines-1-9.txt	f89636fd50f8b297cce678e7f8dbc532d1b43a7aca9bd120b06e3c295e70ba5d	b6adbd1aa47e52ff23227e30ec16807c5a5b8b8bd416394051ca11e776b611ca	471
unicode-normalization-0.1.25	src/perfect_hash.rs	1-9	licenses/unicode-normalization-0.1.25/source-notices/src/perfect_hash.rs.lines-1-9.txt	400c84e2f467f61bd55d55d08672da6a9ad7a57c938ce5d0c701a6994b1b273b	971959106478e79569bf22111ed4454a05ca9c97f29b7ff37785909377d49183	466
unicode-normalization-0.1.25	src/test.rs	1-9	licenses/unicode-normalization-0.1.25/source-notices/src/test.rs.lines-1-9.txt	8af1c74989355970cc150075f0c8517bb061caeb46a456458483fe5ef661dc89	b6adbd1aa47e52ff23227e30ec16807c5a5b8b8bd416394051ca11e776b611ca	471
unicode-normalization-0.1.25	src/lookups.rs	1-9	licenses/unicode-normalization-0.1.25/source-notices/src/lookups.rs.lines-1-9.txt	962f9909b32e02b8a2a05836135d9cd39bb1ce01f7c659de99cbd8a3a3c78574	971959106478e79569bf22111ed4454a05ca9c97f29b7ff37785909377d49183	466
unicode-normalization-0.1.25	src/recompose.rs	1-9	licenses/unicode-normalization-0.1.25/source-notices/src/recompose.rs.lines-1-9.txt	30746c36c1f2929a7b89f2771d63fc857b5d57a87934c661d82c5649ff0cf391	b6adbd1aa47e52ff23227e30ec16807c5a5b8b8bd416394051ca11e776b611ca	471
unicode-normalization-0.1.25	src/normalize.rs	1-9	licenses/unicode-normalization-0.1.25/source-notices/src/normalize.rs.lines-1-9.txt	8a36365568a8a435d0da6496b1770a30d127f5b189443e6f1cf290296ded3564	b6adbd1aa47e52ff23227e30ec16807c5a5b8b8bd416394051ca11e776b611ca	471
unicode-normalization-0.1.25	scripts/unicode.py	3-20	licenses/unicode-normalization-0.1.25/source-notices/scripts/unicode.py.lines-3-20.txt	eec3b3fc1c56197eb270ce787501bb65b8bf07a67f7236512d1939776b4cfe3e	4e6424e9ea12213528cf16ea6e05929b8a85f4c708144c3a83d30f13bc7ba135	773
rust-standard-library-1.92.0	share/doc/rust/COPYRIGHT-library.html	whole	licenses/rust-standard-library-1.92.0/COPYRIGHT-library.html	c90d52b09be83ce6e930d00f4b26559611eadcee806b2307184e04f2c78ad522	c90d52b09be83ce6e930d00f4b26559611eadcee806b2307184e04f2c78ad522	411104
