package	version	license_declared	license_file_declared	repository	registry_version_url	registry_source	crate_checksum_sha256	cargo_toml_sha256
itoa	1.0.18	MIT OR Apache-2.0	(not declared)	https://github.com/dtolnay/itoa	https://crates.io/crates/itoa/1.0.18	registry+https://github.com/rust-lang/crates.io-index	8f42a60cbdf9a97f5d2305f08a87dc4e09308d1276d28c869c684d7777685682	894c215e4e7e973b556b0e9627bf9b6a719a043fac9b5af9838660816392a09f
memchr	2.8.0	Unlicense OR MIT	(not declared)	https://github.com/BurntSushi/memchr	https://crates.io/crates/memchr/2.8.0	registry+https://github.com/rust-lang/crates.io-index	f8ca58f447f06ed17d5fc4043ce1b10dd205e060fb3ce5b979b8ed8e59ff3f79	c7b2adc5a5bb44a0ec872026b063b7f9c81ee39b9ee8085f6d150bcb9683a4b4
proc-macro2	1.0.106	MIT OR Apache-2.0	(not declared)	https://github.com/dtolnay/proc-macro2	https://crates.io/crates/proc-macro2/1.0.106	registry+https://github.com/rust-lang/crates.io-index	8fd00f0bb2e90d81d1044c2b32617f68fcb9fa3bb7640c23e9c748e53fb30934	7408af188c9656c1c2a6012f61026df0e2dfc0275e0edf1e01f1d59b3e39c194
quote	1.0.45	MIT OR Apache-2.0	(not declared)	https://github.com/dtolnay/quote	https://crates.io/crates/quote/1.0.45	registry+https://github.com/rust-lang/crates.io-index	41f2619966050689382d2b44f664f4bc593e129785a36d6ee376ddf37259b924	baa198cfd5e82e453e6b8d9bd5435b7a79289edf86f276fc578ee726d39cc870
serde	1.0.228	MIT OR Apache-2.0	(not declared)	https://github.com/serde-rs/serde	https://crates.io/crates/serde/1.0.228	registry+https://github.com/rust-lang/crates.io-index	9a8e94ea7f378bd32cbbd37198a4a91436180c5bb472411e48b5ec2e2124ae9e	d7fc24e39691a0831eaa0eac677b46ecbae407a40fa816b904759822d10f42e8
serde_core	1.0.228	MIT OR Apache-2.0	(not declared)	https://github.com/serde-rs/serde	https://crates.io/crates/serde_core/1.0.228	registry+https://github.com/rust-lang/crates.io-index	41d385c7d4ca58e59fc732af25c3983b67ac852c1a25000afe1175de458b67ad	b1c07acb994f88418a0bbb0d393f76c4ca4276d9f4497ca734eb182286169ea8
serde_derive	1.0.228	MIT OR Apache-2.0	(not declared)	https://github.com/serde-rs/serde	https://crates.io/crates/serde_derive/1.0.228	registry+https://github.com/rust-lang/crates.io-index	d540f220d3187173da220f885ab66608367b6574e925011a9353e4badda91d79	3de014980e9645f2e33779acd06919c9f3b717a79e10f56004918d12c4365c27
serde_json	1.0.149	MIT OR Apache-2.0	(not declared)	https://github.com/serde-rs/json	https://crates.io/crates/serde_json/1.0.149	registry+https://github.com/rust-lang/crates.io-index	83fc039473c5595ace860d8c4fafa220ff474b3fc6bfdb4293327f1a37e94d86	65dabeea0112c066ff16c6d93142c4a08c01396f4e99a27d9255d19974eaeb73
syn	2.0.117	MIT OR Apache-2.0	(not declared)	https://github.com/dtolnay/syn	https://crates.io/crates/syn/2.0.117	registry+https://github.com/rust-lang/crates.io-index	e665b8803e7b1d2a727f4023456bbbbe74da67099c585258af0ad9c5013b9b99	43affc9aa6ba5823974fb5ffe300e0f94e29a3f39e4da3dbacaab2e5138e82b5
unicode-ident	1.0.24	(MIT OR Apache-2.0) AND Unicode-3.0	(not declared)	https://github.com/dtolnay/unicode-ident	https://crates.io/crates/unicode-ident/1.0.24	registry+https://github.com/rust-lang/crates.io-index	e6e4313cd5fcd3dad5cafa179702e2b244f760991f45397d14d4ebf38247da75	0bb9c0e006a21355cb85c7df72e78dd8ba6fffbb7dc3f1e7a4c19af53cd354da
zmij	1.0.21	MIT	(not declared)	https://github.com/dtolnay/zmij	https://crates.io/crates/zmij/1.0.21	registry+https://github.com/rust-lang/crates.io-index	b8848ee67ecc8aedbaf3e4122217aff892639231befc6a1b58d29fff4c2cabaa	08f0f39b8b92d1a11c99d7dcf149455d8430f850cdd67d9b19091b919ca59c85
